Frieren: Beyond Journey’s End / Sousou no Frieren,Dan Da Dan,Oshi no Ko Season 2,Delicous in Dungeon / Dungeon Meshi,Makeine: Too Many Losing Heroines! / Make Heroine ga Oosugiru!
0,0,0,0,0
4,4,2,5,2
5,4,3,4,3
5,3,1,3,4
0,0,0,0,0
5,4,0,0,0
3,5,4,4,0
4,0,0,5,0
5,4,5,4,4
3,3,3,3,3
4,5,0,0,0
4,3,0,3,0
1,0,0,0,0
5,0,0,3,0
4,3,5,4,0
0,0,0,0,0
4,4,3,5,5
5,3,4,2,2
5,5,5,5,5
0,0,0,0,5
5,4,3,4,4
5,4,3,5,4
4,0,2,5,5
5,4,4,3,4
4,5,0,3,0
3,5,4,4,3
5,3,4,2,0
4,4,4,1,3
4,5,3,4,1
5,0,0,0,0
2,3,0,4,1
0,0,0,0,0
5,5,5,4,4
5,3,4,4,4
3,4,3,3,3
5,4,3,2,2
5,4,0,3,0
5,4,3,2,1
5,4,4,3,3
4,3,3,5,3
4,4,5,3,0
5,3,0,4,0
0,3,0,0,0
4,5,0,3,0
3,5,1,4,1
4,5,1,3,2
2,5,0,3,4
5,5,0,5,0
4,5,3,3,3
5,4,0,3,0
3,5,1,4,2
2,4,2,3,4
4,5,4,3,0
0,0,0,0,0
0,5,0,4,0
4,5,0,5,0
5,0,0,0,0
0,0,0,0,0
5,5,4,3,4
5,5,0,4,0
3,5,4,2,1
5,0,0,5,0
4,5,0,3,3
3,4,4,5,0
4,5,0,4,0
5,5,5,5,0
4,0,0,5,0
0,0,0,5,0
5,4,5,2,0
5,5,0,0,0
3,2,0,5,3
4,5,0,3,0
5,4,5,0,0
5,0,4,4,0
4,4,5,0,0
5,4,2,2,2
4,5,5,4,3
0,0,4,0,0
0,5,4,3,0
4,5,3,4,3
3,4,3,3,5
5,0,0,5,0
0,0,0,5,0
0,0,0,5,0
5,4,1,2,0
5,4,0,0,0
4,4,4,4,5
3,4,5,0,2
0,5,0,5,0
5,3,0,4,0
5,4,0,4,3
0,0,5,4,4
