Konosuba Season 3,My Deer Friend Nokotan / Shikanoko Nokonoko Koshitantan,Brave Bang Bravern! / Yuuki Bakuhatsu Bang Bravern,Dan Da Dan,Delicious in Dungeon / Dungeon Meshi
0,3,0,0,4
0,3,0,5,5
4,1,3,5,4
5,2,0,2,3
0,0,5,0,0
4,0,0,5,0
3,4,5,2,1
0,5,0,0,5
5,3,0,4,4
5,4,0,3,2
0,5,3,4,0
2,3,0,4,4
0,0,0,0,0
5,0,0,0,3
4,3,5,1,1
5,5,0,0,2
5,4,0,3,3
2,1,2,0,2
5,3,2,5,3
4,2,0,0,0
5,0,2,3,4
4,0,0,3,5
0,1,0,1,5
3,0,0,5,1
0,0,0,4,3
5,4,3,5,5
4,0,0,5,3
5,3,1,3,1
3,1,5,4,3
0,5,0,0,0
0,4,0,5,3
0,0,0,0,0
5,5,0,4,4
5,5,0,2,3
3,3,3,4,3
4,2,2,5,3
2,1,0,3,4
4,2,1,5,3
5,2,1,3,3
4,4,4,3,5
3,0,0,5,4
0,5,0,4,5
3,0,0,3,0
0,3,0,4,5
5,2,1,3,4
3,4,1,5,2
5,0,0,0,4
5,0,0,4,5
3,0,0,5,4
0,0,0,4,4
4,2,1,5,3
4,3,4,4,5
5,3,0,4,3
0,2,0,5,5
0,0,0,4,5
0,0,0,4,4
0,0,0,0,0
0,0,0,4,5
5,0,2,4,5
3,0,0,4,5
1,3,2,5,4
3,2,0,0,5
5,3,0,4,4
3,2,1,4,5
3,0,0,5,4
0,0,0,5,4
0,0,0,0,5
0,0,0,0,5
5,4,0,2,1
0,0,0,5,5
3,0,2,2,5
5,0,0,4,4
5,5,0,3,0
5,0,0,2,4
4,1,0,5,0
1,0,2,4,2
5,0,0,5,5
0,0,0,0,0
0,0,5,0,0
2,2,2,4,4
3,1,1,5,4
0,0,5,0,5
0,0,0,0,5
0,0,0,0,5
2,0,0,4,3
4,2,0,5,5
3,3,0,4,5
3,5,0,4,0
0,0,0,5,5
1,4,0,0,5
5,1,2,4,3
0,3,0,0,5
