Frieren: Beyond Journey’s End / Sousou no Frieren,Dan Da Dan,Delicious in Dungeon / Dungeon Meshi,Oshi no Ko Season 2,Brave Bang Bravern! / Yuuki Bakuhatsu Bang Bravern
5,0,3,0,0
5,4,4,1,0
5,4,4,3,4
3,3,5,2,0
0,0,0,0,5
5,4,0,0,0
4,3,5,2,1
5,0,5,0,0
4,3,3,5,0
5,2,3,0,0
4,5,0,0,4
5,4,4,0,0
1,0,0,0,0
5,0,3,0,0
5,2,3,4,4
4,0,4,0,0
5,4,4,4,0
5,0,2,5,2
5,5,4,5,2
0,0,0,0,0
5,3,4,2,2
3,5,4,4,0
4,1,5,2,0
5,3,1,3,0
3,4,0,0,0
3,5,4,3,3
5,4,3,2,0
4,4,1,4,1
3,5,4,4,5
5,0,0,0,0
3,4,5,1,2
0,0,0,0,0
5,4,3,4,0
5,2,3,2,0
4,4,3,3,3
5,4,3,3,2
5,4,3,0,0
5,2,4,3,1
5,3,3,4,1
4,3,5,3,4
4,4,4,5,0
5,0,4,0,0
0,3,0,0,0
4,5,5,0,0
3,4,5,1,1
4,5,3,1,0
3,5,4,0,0
5,5,5,0,0
3,5,5,4,0
5,4,3,0,0
3,5,4,2,1
2,5,4,2,4
4,5,4,0,0
4,5,5,0,0
0,4,5,0,0
4,5,4,0,0
5,0,0,0,0
0,0,0,0,0
5,5,4,4,1
5,4,5,0,0
5,4,3,3,0
5,0,5,0,0
5,4,4,0,0
4,2,5,3,1
4,5,4,0,0
4,5,5,5,0
4,0,5,0,0
0,0,5,0,0
5,4,3,4,0
5,5,5,0,0
5,3,5,5,3
5,2,4,0,0
5,4,1,5,1
5,3,5,5,0
5,5,0,5,0
5,4,2,2,2
5,4,5,4,0
4,0,0,3,0
0,4,5,0,5
4,5,5,3,2
5,4,3,2,1
3,0,5,3,5
0,0,5,0,0
0,0,5,0,0
5,3,2,1,0
5,4,4,0,0
4,3,5,3,0
5,4,0,3,0
0,5,5,0,0
5,1,5,0,0
4,5,5,1,2
0,0,4,5,0
